,Question,Entities,Classes
0,Are Taiko some kind of Japanese musical instrument?,"[[('http://dbpedia.org/resource/Taiko', 0.008550751954317093), ('http://dbpedia.org/resource/Taiko_Katono', 0.008549424819648266), ('http://dbpedia.org/resource/Taito', 0.008549331687390804), ('http://dbpedia.org/resource/Taika_(era)', 0.008549212478101254), ('http://dbpedia.org/resource/Taiko_Hirabayashi', 0.008549205027520657)]]",[]
1,Are there any castles in the United States?,"[[('http://dbpedia.org/resource/List_of_castles_in_the_United_States', 0.008253337815403938), ('http://dbpedia.org/resource/Castle_doctrine', 0.008252871222794056), ('http://dbpedia.org/resource/Lists_of_castles_in_North_America', 0.008252866566181183), ('http://dbpedia.org/resource/Guy_W._S._Castle', 0.008252826519310474), ('http://dbpedia.org/resource/List_of_Knights_of_Pythias_buildings', 0.004889974370598793)]]",[]
2,Butch Otter is the governor of which U.S. state?,"[[('http://dbpedia.org/resource/Butch_Otter', 0.008234490640461445), ('http://dbpedia.org/resource/Butch_Leitzinger', 0.008232851512730122), ('http://dbpedia.org/resource/Lori_Otter', 0.008232730440795422), ('http://dbpedia.org/resource/Hole-in-the-Wall', 0.004885554779320955), ('http://dbpedia.org/resource/1991_Banquet_Frozen_Foods_300', 0.004880969878286123)]]",[]
3,Give me English actors starring in Lovesick.,"[[('http://dbpedia.org/resource/English_language', 0.09158699959516525), ('http://dbpedia.org/resource/English_people', 0.09158380329608917), ('http://dbpedia.org/resource/American_English', 0.09158211201429367), ('http://dbpedia.org/resource/Canadian_English', 0.09158071130514145), ('http://dbpedia.org/resource/British_English', 0.09158004820346832)], [('http://dbpedia.org/resource/Lovesick_(TV_series)', 0.007604801096022129), ('http://dbpedia.org/resource/Lovesick_(2014_film)', 0.007604741025716066), ('http://dbpedia.org/resource/Lovesick_(1983_film)', 0.007604711223393679), ('http://dbpedia.org/resource/Lovesickness', 0.007604674901813269), ('http://dbpedia.org/resource/Lovesick_(Mura_Masa_song)', 0.007604421116411686)]]",[]
4,Give me all B-sides of the Ramones.,"[[('http://dbpedia.org/resource/Ramones', 0.008739293552935123), ('http://dbpedia.org/resource/Ramones_(album)', 0.008737881667912006), ('http://dbpedia.org/resource/Joey_Ramone', 0.008737861178815365), ('http://dbpedia.org/resource/Tommy_Ramone', 0.008737814612686634), ('http://dbpedia.org/resource/The_Song_Ramones_the_Same', 0.008737803436815739)]]",[]
5,Give me all Frisian islands that belong to the Netherlands.,"[[('http://dbpedia.org/resource/Frisian_Islands', 0.00906897522509098), ('http://dbpedia.org/resource/North_Frisian_Islands', 0.009068542160093784), ('http://dbpedia.org/resource/West_Frisian_Islands', 0.009068510495126247), ('http://dbpedia.org/resource/East_Frisian_Islands', 0.00906840804964304), ('http://dbpedia.org/resource/North_Frisia', 0.009068132378160954)], [('http://dbpedia.org/resource/Netherlands', 0.03369440138339996), ('http://dbpedia.org/resource/Kingdom_of_the_Netherlands', 0.03369181230664253), ('http://dbpedia.org/resource/United_Kingdom_of_the_Netherlands', 0.0336904339492321), ('http://dbpedia.org/resource/Germany', 0.03369009494781494), ('http://dbpedia.org/resource/Spanish_Netherlands', 0.03368958458304405)]]",[]
6,Give me all cars that are produced in Germany.,"[[('http://dbpedia.org/resource/Germany', 0.03637465089559555), ('http://dbpedia.org/resource/German_language', 0.03637056052684784), ('http://dbpedia.org/resource/German_Empire', 0.03637045621871948), ('http://dbpedia.org/resource/Nazi_Germany', 0.036370258778333664), ('http://dbpedia.org/resource/West_Germany', 0.03636983409523964)]]",[]
7,Give me all chemical elements.,"[[('http://dbpedia.org/resource/Chemical_element', 0.010737784206867218), ('http://dbpedia.org/resource/Chemical_substance', 0.010737353935837746), ('http://dbpedia.org/resource/List_of_chemical_elements', 0.01073727011680603), ('http://dbpedia.org/resource/Transuranium_element', 0.010737027041614056), ('http://dbpedia.org/resource/Chemical_reaction', 0.010736959986388683)]]",[]
8,Give me all female German chancellors.,"[[('http://dbpedia.org/resource/Chancellor_of_Germany', 0.007773376535624266), ('http://dbpedia.org/resource/Chancellor_of_Germany_(1949–)', 0.007773192133754492), ('http://dbpedia.org/resource/List_of_Chancellors_of_Germany', 0.007773163728415966), ('http://dbpedia.org/resource/President_of_Germany', 0.0077730994671583176), ('http://dbpedia.org/resource/List_of_spouses_of_German_presidents_and_chancellors', 0.007773017045110464)]]",[]
9,Give me all movies with Tom Cruise.,"[[('http://dbpedia.org/resource/Tom_Cruise', 0.008127955719828606), ('http://dbpedia.org/resource/Tom_Cruise_filmography', 0.008126625791192055), ('http://dbpedia.org/resource/Thomas_Cruise_(footballer)', 0.0081265177577734), ('http://dbpedia.org/resource/Tom_Cruise:_An_Unauthorized_Biography', 0.008126311004161835), (""http://dbpedia.org/resource/Tom_Cruise:_All_the_World's_a_Stage"", 0.008126266300678253)]]",[]
10,Give me all professional skateboarders from Sweden.,"[[('http://dbpedia.org/resource/Sweden', 0.04081495851278305), ('http://dbpedia.org/resource/Church_of_Sweden', 0.04080933704972267), ('http://dbpedia.org/resource/Liberals_(Sweden)', 0.024184076115489006), ('http://dbpedia.org/resource/Gustav_I_of_Sweden', 0.024181120097637177), ('http://dbpedia.org/resource/Charles_VIII_of_Sweden', 0.02418014034628868)], [('http://dbpedia.org/resource/Skateboarding', 0.00965933222323656), ('http://dbpedia.org/resource/Street_skateboarding', 0.009658589959144592), ('http://dbpedia.org/resource/Skateboarder_(magazine)', 0.009658063761889935), ('http://dbpedia.org/resource/List_of_pro_skaters', 0.009657965041697025), ('http://dbpedia.org/resource/Fingerboard_(skateboard)', 0.00965791940689087)]]",[]
11,Give me all writers that won the Nobel Prize in literature.,"[[('http://dbpedia.org/resource/Nobel_Prize_in_Literature', 0.007830369286239147), ('http://dbpedia.org/resource/List_of_Nobel_laureates_in_Literature', 0.007829585112631321), ('http://dbpedia.org/resource/Neustadt_International_Prize_for_Literature', 0.00782945565879345), ('http://dbpedia.org/resource/Nobel_Prize', 0.007829328067600727), ('http://dbpedia.org/resource/Nobel_Peace_Prize', 0.00782918743789196)]]",[]
12,Give me the capitals of all countries in Africa.,"[[('http://dbpedia.org/resource/Africa', 0.008393130265176296), ('http://dbpedia.org/resource/List_of_African_countries_by_area', 0.008392882533371449), ('http://dbpedia.org/resource/List_of_fictional_African_countries', 0.008392872288823128), ('http://dbpedia.org/resource/List_of_World_Heritage_Sites_in_Africa', 0.008392778225243092), ('http://dbpedia.org/resource/Sub-Saharan_Africa', 0.008392763324081898)]]",[]
13,Give me the homepage of Forbes.,"[[('http://dbpedia.org/resource/Forbes', 0.0072637442499399185), ('http://dbpedia.org/resource/Forbes_family', 0.00726329255849123), ('http://dbpedia.org/resource/Forbes_(engineering_company)', 0.007263191044330597), ('http://dbpedia.org/resource/Steve_Forbes', 0.007263158448040485), ('http://dbpedia.org/resource/Clan_Forbes', 0.007263094186782837)]]",[]
14,Give me the official websites of actors of the television show Charmed.,"[[('http://dbpedia.org/resource/Charmed', 0.007778293918818235), ('http://dbpedia.org/resource/Charmed_Again', 0.007777695544064045), ('http://dbpedia.org/resource/Charmed_(comics)', 0.007777601946145296), ('http://dbpedia.org/resource/Charmed_(group)', 0.007777594495564699), ('http://dbpedia.org/resource/Charmed_(season_7)', 0.007777569815516472)]]",[]
15,How big is the earth's diameter?,"[[('http://dbpedia.org/resource/Earth', 0.014032996259629726), ('http://dbpedia.org/resource/Earth_mass', 0.014031501486897469), ('http://dbpedia.org/resource/Atmosphere_of_Earth', 0.014031324535608292), ('http://dbpedia.org/resource/Earth_radius', 0.014031311497092247), ('http://dbpedia.org/resource/Earth_science', 0.014031235128641129)]]",[]
16,How deep is Lake Chiemsee?,"[[('http://dbpedia.org/resource/Chiemsee', 0.049148716032505035), ('http://dbpedia.org/resource/Chiemsee_(municipality)', 0.049145281314849854), ('http://dbpedia.org/resource/Rimsting', 0.02913222275674343), ('http://dbpedia.org/resource/Grassau,_Bavaria', 0.029130132868885994), ('http://dbpedia.org/resource/Bad_Endorf', 0.029126526787877083)]]",[]
17,How did Michael Jackson die?,"[[('http://dbpedia.org/resource/Michael_Jackson', 0.008010374382138252), ('http://dbpedia.org/resource/Michael_Jackson_(actor)', 0.008009849116206169), ('http://dbpedia.org/resource/Michael_Jackson_(basketball)', 0.008009800687432289), ('http://dbpedia.org/resource/Michael_J._Jackson', 0.008009789511561394), ('http://dbpedia.org/resource/Michael_P._Jackson', 0.008009771816432476)]]",[]
18,How many awards has Bertrand Russell?,"[[('http://dbpedia.org/resource/Bertrand_Russell', 0.008663778193295002), (""http://dbpedia.org/resource/Bertrand_Russell's_views_on_society"", 0.008662420324981213), ('http://dbpedia.org/resource/The_Bertrand_Russell_Case', 0.008662382140755653), (""http://dbpedia.org/resource/Bertrand_Russell's_views_on_philosophy"", 0.008662295527756214), ('http://dbpedia.org/resource/Frank_Russell,_2nd_Earl_Russell', 0.008662224747240543)]]",[]
19,How many companies were founded by the founder of Facebook?,"[[('http://dbpedia.org/resource/Facebook', 0.007902824319899082), ('http://dbpedia.org/resource/Facebook_Platform', 0.007901388220489025), ('http://dbpedia.org/resource/Initial_public_offering_of_Facebook', 0.0079012056812644), ('http://dbpedia.org/resource/Facebook,_Inc._v._Power_Ventures,_Inc.', 0.007901146076619625), ('http://dbpedia.org/resource/History_of_Facebook', 0.007901129312813282)]]",[]
20,How many gold medals did Michael Phelps win at the 2008 Olympics?,"[[('http://dbpedia.org/resource/Michael_Phelps', 0.010170882567763329), ('http://dbpedia.org/resource/Mike_Phelps', 0.01016944833099842), ('http://dbpedia.org/resource/Michael_E._Phelps', 0.01016938965767622), ('http://dbpedia.org/resource/Hello,_Dolly!_(soundtrack)', 0.00602875929325819), ('http://dbpedia.org/resource/Taking_Chance', 0.006028718780726194)]]",[]
21,How many grand-children did Jacques Cousteau have?,"[[('http://dbpedia.org/resource/Jacques_Cousteau', 0.01620914228260517), ('http://dbpedia.org/resource/Philippe_Cousteau', 0.0162076186388731), ('http://dbpedia.org/resource/Jean-Michel_Cousteau', 0.01620742678642273), ('http://dbpedia.org/resource/Pierre-Antoine_Cousteau', 0.01620730757713318), ('http://dbpedia.org/resource/Fabien_Cousteau', 0.016207143664360046)]]",[]
22,How many moons does Mars have?,"[[('http://dbpedia.org/resource/Mars', 0.010436344891786575), ('http://dbpedia.org/resource/Moons_of_Mars', 0.010435021482408047), ('http://dbpedia.org/resource/Astronomy_on_Mars', 0.010435008443892002), ('http://dbpedia.org/resource/Climate_of_Mars', 0.010434960015118122), ('http://dbpedia.org/resource/Human_mission_to_Mars', 0.010434937663376331)]]",[]
23,How many rivers and lakes are in South Carolina?,"[[('http://dbpedia.org/resource/South_Carolina', 0.016952620819211006), ('http://dbpedia.org/resource/University_of_South_Carolina', 0.016950171440839767), ('http://dbpedia.org/resource/Province_of_South_Carolina', 0.016950145363807678), ('http://dbpedia.org/resource/Upstate_South_Carolina', 0.016949918121099472), ('http://dbpedia.org/resource/Charleston,_South_Carolina', 0.01694987155497074)]]",[]
24,How many scientists graduated from an Ivy League university?,"[[('http://dbpedia.org/resource/Ivy_League', 0.017567336559295654), ('http://dbpedia.org/resource/Ivy_Preparatory_School_League', 0.01756546087563038), ('http://dbpedia.org/resource/Ivy_League_(haircut)', 0.017565207555890083), ('http://dbpedia.org/resource/Black_Ivy_League', 0.017565153539180756), ('http://dbpedia.org/resource/List_of_Ivy_League_law_schools', 0.01756502501666546)]]",[]
25,How many years was the Ford Model T manufactured?,"[[('http://dbpedia.org/resource/Ford_Model_T', 0.006833246443420649), ('http://dbpedia.org/resource/Ford_Model_T_engine', 0.0068328711204230785), ('http://dbpedia.org/resource/Ford_Model_TT', 0.006832767277956009), ('http://dbpedia.org/resource/Ford_GT', 0.006832641549408436), ('http://dbpedia.org/resource/Ford_Model_A_(1927–31)', 0.006832640618085861)]]",[]
26,In which city is the headquarter of Air China?,"[[('http://dbpedia.org/resource/Air_China', 0.009861094877123833), ('http://dbpedia.org/resource/China_Airlines', 0.009860259480774403), ('http://dbpedia.org/resource/Air_China_Cargo', 0.00986010953783989), ('http://dbpedia.org/resource/China_Eastern_Airlines', 0.009860106743872166), ('http://dbpedia.org/resource/Republic_of_China_Air_Force', 0.00986009556800127)]]",[]
27,In which city was the president of Montenegro born?,"[[('http://dbpedia.org/resource/City', 0.01512299943715334), ('http://dbpedia.org/resource/North_Vancouver_(city)', 0.008961198851466179), ('http://dbpedia.org/resource/Utrecht_(city)', 0.008960580453276634), ('http://dbpedia.org/resource/Split_(city)', 0.008959674276411533), ('http://dbpedia.org/resource/Zamboanga_City', 0.008959445171058178)], [('http://dbpedia.org/resource/President_of_Montenegro', 0.008594097569584846), ('http://dbpedia.org/resource/President_of_Serbia_and_Montenegro', 0.008593757636845112), ('http://dbpedia.org/resource/List_of_Presidents_of_Montenegro', 0.008593698963522911), ('http://dbpedia.org/resource/President_of_the_Parliament_of_Montenegro', 0.008593695238232613), ('http://dbpedia.org/resource/List_of_Presidents_of_the_Assembly_of_Serbia_and_Montenegro', 0.008593249134719372)]]",[]
28,In which studio did the Beatles record their first album?,"[[('http://dbpedia.org/resource/The_Beatles', 0.015335358679294586), ('http://dbpedia.org/resource/The_Beatles_(album)', 0.015332990325987339), ('http://dbpedia.org/resource/With_the_Beatles', 0.01533278077840805), (""http://dbpedia.org/resource/The_Beatles'_recording_sessions"", 0.015332600101828575), ('http://dbpedia.org/resource/The_Beatles_(TV_series)', 0.015332525596022606)]]",[]
29,Is Pamela Anderson a vegan?,"[[('http://dbpedia.org/resource/Pamela_Anderson', 0.025297218933701515), ('http://dbpedia.org/resource/Pamela_Sue_Anderson', 0.025295069441199303), ('http://dbpedia.org/resource/Pamela_K._Anderson', 0.025294829159975052), ('http://dbpedia.org/resource/Pamela_Andersson', 0.025293905287981033), ('http://dbpedia.org/resource/Stories_from_a_Blue_Room', 0.014995384030044079)]]",[]
30,Is the wife of President Obama called Michelle?,"[[('http://dbpedia.org/resource/Barack_Obama', 0.0074692401103675365), ('http://dbpedia.org/resource/Presidency_of_Barack_Obama', 0.0074684196151793), ('http://dbpedia.org/resource/Michelle_Obama', 0.007468305993825197), ('http://dbpedia.org/resource/Presidential_transition_of_Barack_Obama', 0.007467920891940594), ('http://dbpedia.org/resource/Barack_Obama_Sr.', 0.007467883173376322)]]",[]
31,Sean Parnell was the governor of which U.S. state?,"[[('http://dbpedia.org/resource/Sean_Parnell', 0.021732142195105553), ('http://dbpedia.org/resource/Ada_(food)', 0.012942210771143436), ('http://dbpedia.org/resource/Pomiechowo', 0.012880819849669933), ('http://dbpedia.org/resource/Fidèle_(dog)', 0.012879600748419762), ('http://dbpedia.org/resource/Parnall_Pipit', 0.012878361158072948)]]",[]
32,Show me all Czech movies.,"[[('http://dbpedia.org/resource/Czech_language', 0.053193558007478714), ('http://dbpedia.org/resource/Czech_Republic', 0.05319323390722275), ('http://dbpedia.org/resource/Czechoslovakia', 0.053190942853689194), ('http://dbpedia.org/resource/Czech_Airlines', 0.05318932235240936), ('http://dbpedia.org/resource/Czech_Technical_University_in_Prague', 0.031510841101408005)]]",[]
33,Show me hiking trails in the Grand Canyon where there's no danger of flash floods.,"[[('http://dbpedia.org/resource/Grand_Canyon', 0.008285298943519592), ('http://dbpedia.org/resource/Grand_Canyon_National_Park', 0.008284748531877995), ('http://dbpedia.org/resource/Grand_Canyon_of_the_Yellowstone', 0.008284437470138073), ('http://dbpedia.org/resource/Grand_Canyon_Caverns', 0.00828438438475132), ('http://dbpedia.org/resource/Grand_Canyon_of_the_Tuolumne', 0.008284286595880985)]]",[]
34,What are the names of the Teenage Mutant Ninja Turtles?,"[[('http://dbpedia.org/resource/Teenage_Mutant_Ninja_Turtles', 0.007396696135401726), ('http://dbpedia.org/resource/Teenage_Mutant_Ninja_Turtles_(Mirage_Studios)', 0.007396458648145199), ('http://dbpedia.org/resource/Teenage_Mutant_Ninja_Turtles_(IDW_Publishing)', 0.007396093104034662), ('http://dbpedia.org/resource/Teenage_Mutant_Ninja_Turtles_(1990_film)', 0.00739607447758317), ('http://dbpedia.org/resource/Teenage_Mutant_Ninja_Turtles_(Dreamwave_Productions)', 0.0073960693553090096)]]",[]
35,What are the nicknames of San Francisco?,"[[('http://dbpedia.org/resource/San_Francisco', 0.027430925518274307), ('http://dbpedia.org/resource/San_Francisco_49ers', 0.027428748086094856), ('http://dbpedia.org/resource/South_San_Francisco,_California', 0.02742827869951725), ('http://dbpedia.org/resource/University_of_San_Francisco', 0.027428176254034042), ('http://dbpedia.org/resource/San_Francisco_Giants', 0.02742813713848591)]]",[]
36,What is Angela Merkel’s birth name?,"[[('http://dbpedia.org/resource/Angela_Merkel', 0.012758582830429077), ('http://dbpedia.org/resource/First_Merkel_cabinet', 0.012755959294736385), ('http://dbpedia.org/resource/The_World_as_It_Is_(book)', 0.007562786340713501), ('http://dbpedia.org/resource/Slow_Buildings', 0.0075622545555233955), ('http://dbpedia.org/resource/Plug-in_electric_vehicles_in_Germany', 0.007561905775219202)]]",[]
37,What is Batman's real name?,"[[('http://dbpedia.org/resource/Batman', 0.00882790982723236), ('http://dbpedia.org/resource/Batman_(comic_book)', 0.008827327750623226), ('http://dbpedia.org/resource/Batman_(TV_series)', 0.00882728211581707), ('http://dbpedia.org/resource/Batman_(Earth-Two)', 0.008827241137623787), ('http://dbpedia.org/resource/Batman_(Terry_McGinnis)', 0.008827158249914646)]]",[]
38,What is Elon Musk famous for?,"[[('http://dbpedia.org/resource/Elon_Musk', 0.016605980694293976), ('http://dbpedia.org/resource/Do_You_Trust_This_Computer?', 0.009929083287715912), ('http://dbpedia.org/resource/TSLAQ', 0.009844496846199036), ('http://dbpedia.org/resource/History_of_SpaceX', 0.009842205792665482), ('http://dbpedia.org/resource/The_Space_Barons', 0.009841853752732277)]]",[]
39,What is the area code of Berlin?,"[[('http://dbpedia.org/resource/Berlin', 0.016285693272948265), ('http://dbpedia.org/resource/Berlin,_New_Hampshire', 0.016284385696053505), ('http://dbpedia.org/resource/Berlin_Hauptbahnhof', 0.016284184530377388), ('http://dbpedia.org/resource/Berlin,_Wisconsin', 0.01628417707979679), ('http://dbpedia.org/resource/Berlin,_Maryland', 0.016284039244055748)]]",[]
40,What is the atmosphere of the Moon composed of?,"[[('http://dbpedia.org/resource/Moon', 0.010033205151557922), ('http://dbpedia.org/resource/Minor-planet_moon', 0.010031918063759804), ('http://dbpedia.org/resource/Orbit_of_the_Moon', 0.010031773708760738), ('http://dbpedia.org/resource/Moon_landing', 0.010031689889729023), ('http://dbpedia.org/resource/Io_(moon)', 0.010031605139374733)]]",[]
41,What is the founding year of the brewery that produces Pilsner Urquell?,"[[('http://dbpedia.org/resource/Pilsner_Urquell', 0.075284443795681), ('http://dbpedia.org/resource/Pilsner_Urquell_Brewery', 0.07528232783079147), ('http://dbpedia.org/resource/Pilsner', 0.075278140604496), ('http://dbpedia.org/resource/Josef_Groll', 0.07527507841587067), ('http://dbpedia.org/resource/Pale_lager', 0.0752735510468483)]]",[]
42,What is the highest mountain in Germany?,"[[('http://dbpedia.org/resource/Germany', 0.03637464717030525), ('http://dbpedia.org/resource/German_Empire', 0.03637055680155754), ('http://dbpedia.org/resource/German_language', 0.036370303481817245), ('http://dbpedia.org/resource/Nazi_Germany', 0.036370161920785904), ('http://dbpedia.org/resource/West_Germany', 0.036369554698467255)]]",[]
43,What is the highest place of Karakoram?,"[[('http://dbpedia.org/resource/Karakoram', 0.007917013950645924), ('http://dbpedia.org/resource/Karakorum', 0.007916601374745369), ('http://dbpedia.org/resource/Karakoram_Pass', 0.00791643001139164), ('http://dbpedia.org/resource/Central_Karakoram_National_Park', 0.007916206493973732), ('http://dbpedia.org/resource/Karakore', 0.00791619811207056)]]",[]
44,What is the highest volcano in Africa?,"[[('http://dbpedia.org/resource/Africa', 0.041380707174539566), ('http://dbpedia.org/resource/West_Africa', 0.04137568175792694), ('http://dbpedia.org/resource/Sub-Saharan_Africa', 0.04137526452541351), ('http://dbpedia.org/resource/Horn_of_Africa', 0.04137514904141426), ('http://dbpedia.org/resource/North_Africa', 0.04137483611702919)]]",[]
45,What is the longest river in China?,"[[('http://dbpedia.org/resource/China', 0.02956581488251686), ('http://dbpedia.org/resource/History_of_China', 0.029562553390860558), ('http://dbpedia.org/resource/Mainland_China', 0.0295623280107975), ('http://dbpedia.org/resource/Time_in_China', 0.029562070965766907), ('http://dbpedia.org/resource/Government_of_China', 0.02956174872815609)]]",[]
46,What is the name of the university where Obama's wife studied?,"[[('http://dbpedia.org/resource/Barack_Obama', 0.010184305720031261), ('http://dbpedia.org/resource/Michelle_Obama', 0.010183128528296947), ('http://dbpedia.org/resource/Barack_Obama_Sr.', 0.010183060541749), ('http://dbpedia.org/resource/Presidency_of_Barack_Obama', 0.010183020494878292), ('http://dbpedia.org/resource/Ricardo_Mangue_Obama_Nfubea', 0.010182767175137997)]]",[]
47,What is the nick name of Baghdad?,"[[('http://dbpedia.org/resource/Baghdad', 0.010574253275990486), ('http://dbpedia.org/resource/Baghdad_Governorate', 0.01057346910238266), ('http://dbpedia.org/resource/Timeline_of_Baghdad', 0.010573145002126694), ('http://dbpedia.org/resource/Baghdad_Vilayet', 0.01057314220815897), ('http://dbpedia.org/resource/History_of_Baghdad', 0.010573136620223522)]]",[]
48,What is the profession of Frank Herbert?,"[[('http://dbpedia.org/resource/Frank_Herbert', 0.008386282250285149), ('http://dbpedia.org/resource/Frank_Herbert_(politician)', 0.008386034518480301), ('http://dbpedia.org/resource/Henry_William_Herbert', 0.008385819382965565), ('http://dbpedia.org/resource/Frank_Herbert_Mitchell', 0.008385695517063141), ('http://dbpedia.org/resource/The_Book_of_Frank_Herbert', 0.008385536260902882)]]",[]
49,What is the revenue of IBM?,"[[('http://dbpedia.org/resource/IBM', 0.009092215448617935), ('http://dbpedia.org/resource/IBM_Research', 0.009091349318623543), ('http://dbpedia.org/resource/History_of_IBM', 0.009090984240174294), ('http://dbpedia.org/resource/IBM_Global_Services', 0.00909096747636795), ('http://dbpedia.org/resource/IBM_mainframe', 0.009090801700949669)]]",[]
50,What is the time zone of Salt Lake City?,"[[('http://dbpedia.org/resource/Salt_Lake_City', 0.011051448993384838), ('http://dbpedia.org/resource/Climate_of_Salt_Lake_City', 0.011050337925553322), ('http://dbpedia.org/resource/Central_City,_Salt_Lake_City', 0.011050183326005936), ('http://dbpedia.org/resource/Salt_Lake_City_metropolitan_area', 0.011050165630877018), ('http://dbpedia.org/resource/Salt_Lake_City_International_Airport', 0.011050140485167503)]]",[]
51,What is the wavelength of Indigo?,"[[('http://dbpedia.org/resource/Indigo', 0.01172205526381731), ('http://dbpedia.org/resource/Indigo_dye', 0.011721505783498287), ('http://dbpedia.org/resource/IndiGo', 0.011721208691596985), ('http://dbpedia.org/resource/Indigo_(actress)', 0.011721036396920681), ('http://dbpedia.org/resource/Indigo_carmine', 0.011720918118953705)]]",[]
52,What languages are spoken in Pakistan?,"[[('http://dbpedia.org/resource/Pakistan', 0.019272755831480026), ('http://dbpedia.org/resource/Dominion_of_Pakistan', 0.019270675256848335), ('http://dbpedia.org/resource/Pakistan_Railways', 0.01927025243639946), ('http://dbpedia.org/resource/Pakistan_Movement', 0.019270194694399834), ('http://dbpedia.org/resource/Government_of_Pakistan', 0.0192701555788517)]]",[]
53,What was the name of the famous battle in 1836 in San Antonio?,"[[('http://dbpedia.org/resource/San_Antonio', 0.019005849957466125), ('http://dbpedia.org/resource/San_Antonio_de_Padua', 0.019005797803401947), ('http://dbpedia.org/resource/San_Antonio,_Florida', 0.01900557428598404), ('http://dbpedia.org/resource/San_Antonio,_Quezon', 0.01900550164282322), ('http://dbpedia.org/resource/San_Antonio,_Chile', 0.01900542341172695)]]",[]
54,What were the names of the three ships by Columbus?,"[[('http://dbpedia.org/resource/Christopher_Columbus', 0.01784781739115715), ('http://dbpedia.org/resource/Diego_Columbus', 0.017846208065748215), ('http://dbpedia.org/resource/Voyages_of_Christopher_Columbus', 0.017845923081040382), ('http://dbpedia.org/resource/Bartholomew_Columbus', 0.01784588024020195), ('http://dbpedia.org/resource/Columbus,_Ohio', 0.01784585602581501)]]",[]
55,When did Dracula's creator die?,"[[('http://dbpedia.org/resource/Dracula', 0.007990505546331406), ('http://dbpedia.org/resource/Dracula_(Marvel_Comics)', 0.007990184240043163), ('http://dbpedia.org/resource/Dracula_(Castlevania)', 0.007990174926817417), ('http://dbpedia.org/resource/Count_Dracula', 0.007990174926817417), ('http://dbpedia.org/resource/Don_Dracula', 0.007990093901753426)]]",[]
56,When did Finland join the EU?,"[[('http://dbpedia.org/resource/Finland', 0.043936360627412796), ('http://dbpedia.org/resource/Grand_Duchy_of_Finland', 0.04393043369054794), ('http://dbpedia.org/resource/History_of_Finland', 0.043930333107709885), ('http://dbpedia.org/resource/Lapland_(Finland)', 0.043930113315582275), ('http://dbpedia.org/resource/Gulf_of_Finland', 0.04393003508448601)]]",[]
57,When did Michael Jackson die?,"[[('http://dbpedia.org/resource/Michael_Jackson', 0.007946895435452461), ('http://dbpedia.org/resource/Michael_Jackson_(actor)', 0.007946415804326534), ('http://dbpedia.org/resource/Michael_Jackson_(basketball)', 0.00794638879597187), ('http://dbpedia.org/resource/Michael_J._Jackson', 0.007946358062326908), ('http://dbpedia.org/resource/Michael_P._Jackson', 0.007946338504552841)]]",[]
58,When did Muhammad die?,"[[('http://dbpedia.org/resource/Muhammad', 0.008858667686581612), ('http://dbpedia.org/resource/Muhammad_Ahmad', 0.008857905864715576), ('http://dbpedia.org/resource/Muhammad_in_Islam', 0.008857893757522106), ('http://dbpedia.org/resource/Ali_Mahdi_Muhammad', 0.008857864886522293), ('http://dbpedia.org/resource/Muhammad_al-Baqir', 0.008857859298586845)]]",[]
59,When did Paraguay proclaim its independence?,"[[('http://dbpedia.org/resource/Paraguay', 0.01576010137796402), ('http://dbpedia.org/resource/History_of_Paraguay', 0.015758220106363297), ('http://dbpedia.org/resource/Germans_in_Paraguay', 0.01575808972120285), ('http://dbpedia.org/resource/Paraguay_national_football_team', 0.015758074820041656), ('http://dbpedia.org/resource/Politics_of_Paraguay', 0.015758007764816284)]]",[]
60,When did princess Diana die?,"[[('http://dbpedia.org/resource/Diana,_Princess_of_Wales', 0.00841204822063446), ('http://dbpedia.org/resource/Princess_Charlotte_of_Cambridge', 0.008411225862801075), ('http://dbpedia.org/resource/Diana_Beauclerk,_Duchess_of_St_Albans', 0.008411207236349583), ('http://dbpedia.org/resource/Cynthia_Spencer,_Countess_Spencer', 0.008411145769059658), ('http://dbpedia.org/resource/Kate_Snell', 0.0049850973300635815)]]",[]
61,When did the Boston Tea Party take place?,"[[('http://dbpedia.org/resource/Boston_Tea_Party', 0.007700495421886444), ('http://dbpedia.org/resource/Boston_Tea_Party_(concert_venue)', 0.007700138725340366), ('http://dbpedia.org/resource/Boston_Tea_Party_(political_party)', 0.007699962239712477), ('http://dbpedia.org/resource/Philadelphia_Tea_Party', 0.007699916604906321), ('http://dbpedia.org/resource/Boston_Tea_Party_(café_chain)', 0.007699910085648298)]]",[]
62,When is the movie Worst Case Scenario going to be in cinemas in the Netherlands?,"[[('http://dbpedia.org/resource/Worst-case_scenario', 0.024765554815530777), ('http://dbpedia.org/resource/Worst_Case_Scenario_(film)', 0.024764465168118477), ('http://dbpedia.org/resource/Worst_Case_Scenario_(song)', 0.024763409048318863), ('http://dbpedia.org/resource/Worst_Case_Scenario_(Star_Trek:_Voyager)', 0.024763332679867744), ('http://dbpedia.org/resource/Worst_Case_Scenario_(album)', 0.024763045832514763)]]",[]
63,When was Carlo Giuliani shot?,"[[('http://dbpedia.org/resource/Carlo_Giuliani,_Boy', 0.026331789791584015), ('http://dbpedia.org/resource/Death_of_Carlo_Giuliani', 0.026330800727009773), ('http://dbpedia.org/resource/Carlo_Giuliano', 0.026330552995204926), ('http://dbpedia.org/resource/Carlo_Maria_Giulini', 0.026330191642045975), ('http://dbpedia.org/resource/Carlo_Giuliani_(bishop)', 0.026330161839723587)]]",[]
64,When was Jack Wolfskin founded?,"[[('http://dbpedia.org/resource/Jack_Wolfskin', 0.09034597128629684), ('http://dbpedia.org/resource/The_Girl_in_419', 0.05400259792804718), ('http://dbpedia.org/resource/Madison_Square_Garden_(film)', 0.053540103137493134), ('http://dbpedia.org/resource/Rodney_Gnat', 0.0535382404923439), ('http://dbpedia.org/resource/Melody_Harris-Jensbach', 0.05353683978319168)]]",[]
65,When was the De Beers company founded?,"[[('http://dbpedia.org/resource/De_Beers', 0.008714832365512848), ('http://dbpedia.org/resource/De_Beers_antitrust_litigation', 0.008713433519005775), ('http://dbpedia.org/resource/Sue_de_Beer', 0.008713409304618835), ('http://dbpedia.org/resource/Gavin_de_Beer', 0.008713241666555405), ('http://dbpedia.org/resource/The_berenstain_bears_visit_the_dentist', 0.005164645612239838)]]",[]
66,Where did Abraham Lincoln die?,"[[('http://dbpedia.org/resource/Abraham_Lincoln', 0.008072685450315475), ('http://dbpedia.org/resource/Abraham_Lincoln_(captain)', 0.00807204283773899), ('http://dbpedia.org/resource/Abraham_Lincoln_Lewis', 0.008071751333773136), ('http://dbpedia.org/resource/Presidency_of_Abraham_Lincoln', 0.008071746677160263), ('http://dbpedia.org/resource/Assassination_of_Abraham_Lincoln', 0.008071664720773697)]]",[]
67,Where does Piccadilly start?,"[[('http://dbpedia.org/resource/Piccadilly,_Warwickshire', 0.0074991583824157715), ('http://dbpedia.org/resource/Piccadilly', 0.00749915512278676), ('http://dbpedia.org/resource/Piccadilly_line', 0.007499068509787321), ('http://dbpedia.org/resource/Piccadilly,_South_Australia', 0.007499059662222862), ('http://dbpedia.org/resource/Piccadilly_College,_Manchester', 0.007498965598642826)]]",[]
68,Where is Fort Knox located?,"[[('http://dbpedia.org/resource/Fort_Knox', 0.007921606302261353), ('http://dbpedia.org/resource/Fort_Knox_(Maine)', 0.007921482436358929), ('http://dbpedia.org/resource/Fort_Knox_High_School', 0.00792075227946043), ('http://dbpedia.org/resource/Fort_Knox_(comic_strip)', 0.007920726202428341), ('http://dbpedia.org/resource/Fort_Knox_Gold_Mine', 0.007920711301267147)]]",[]
69,Which American presidents were in office during the Vietnam War?,"[[('http://dbpedia.org/resource/Vietnam_War', 0.02462935820221901), ('http://dbpedia.org/resource/Cambodian–Vietnamese_War', 0.02462683990597725), ('http://dbpedia.org/resource/Canada_and_the_Vietnam_War', 0.024626145139336586), ('http://dbpedia.org/resource/Role_of_the_United_States_in_the_Vietnam_War', 0.02462613582611084), ('http://dbpedia.org/resource/Sino-Vietnamese_War', 0.0246259868144989)]]",[]
70,Which European countries have a constitutional monarchy?,"[[('http://dbpedia.org/resource/Constitutional_monarchy', 0.006785094738006592), ('http://dbpedia.org/resource/Monarchy', 0.006784358993172646), ('http://dbpedia.org/resource/Absolute_monarchy', 0.006784225348383188), ('http://dbpedia.org/resource/Monarchy_of_the_United_Kingdom', 0.006784189026802778), ('http://dbpedia.org/resource/Monarchy_of_the_Netherlands', 0.006784145720303059)]]",[]
71,Which U.S. state has the highest population density?,"[[('http://dbpedia.org/resource/United_States', 0.018545152619481087), ('http://dbpedia.org/resource/U.S._state', 0.018544061109423637), ('http://dbpedia.org/resource/Georgia_(U.S._state)', 0.01854304037988186), ('http://dbpedia.org/resource/Republican_Party_(U.S.)', 0.010987898334860802), ('http://dbpedia.org/resource/Special_routes_of_U.S._Route_6', 0.010987634770572186)]]",[]
72,Which artists were born on the same date as Rachel Stevens?,"[[('http://dbpedia.org/resource/Rachel_Stevens', 0.022613847628235817), ('http://dbpedia.org/resource/Silent_Spring_(composition)', 0.013403299264609814), ('http://dbpedia.org/resource/Eurovision_(film)', 0.01340328250080347), ('http://dbpedia.org/resource/The_Suicide_Club_(2000_film)', 0.013403116725385189), ('http://dbpedia.org/resource/Center_Stage:_Turn_It_Up', 0.013402880169451237)]]",[]
73,Which books were written by Danielle Steel?,"[[('http://dbpedia.org/resource/Danielle_Steel', 0.01458488218486309), (""http://dbpedia.org/resource/Danielle_Steel's_Star"", 0.01458203699439764), ('http://dbpedia.org/resource/One_Day_at_a_Time_(novel)', 0.014581779018044472), ('http://dbpedia.org/resource/No_Greater_Love_(novel)', 0.014581584371626377), ('http://dbpedia.org/resource/Now_and_Forever_(1983_film)', 0.008693712763488293)]]",[]
74,Which bridges are of the same type as the Manhattan Bridge?,"[[('http://dbpedia.org/resource/Manhattan_Bridge', 0.007052101194858551), ('http://dbpedia.org/resource/Brooklyn_Bridge', 0.00705154612660408), ('http://dbpedia.org/resource/George_Washington_Bridge', 0.0070513226091861725), ('http://dbpedia.org/resource/Williamsburg_Bridge', 0.007051300723105669), ('http://dbpedia.org/resource/Macombs_Dam_Bridge', 0.007051280699670315)]]",[]
75,Which companies work in the aerospace industry as well as in medicine?,"[[('http://dbpedia.org/resource/Aerospace', 0.016104398295283318), ('http://dbpedia.org/resource/Aerospace_engineering', 0.016103651374578476), ('http://dbpedia.org/resource/Aerospace_manufacturer', 0.016102999448776245), ('http://dbpedia.org/resource/Outline_of_aerospace', 0.016102859750390053), ('http://dbpedia.org/resource/The_Aerospace_Corporation', 0.016102466732263565)], [('http://dbpedia.org/resource/Medicine', 0.014904765412211418), ('http://dbpedia.org/resource/Doctor_of_Medicine', 0.014903399161994457), ('http://dbpedia.org/resource/Intensive_care_medicine', 0.014903172850608826), ('http://dbpedia.org/resource/Veterinary_medicine', 0.014903147704899311), ('http://dbpedia.org/resource/Emergency_medicine', 0.014903143048286438)]]",[]
76,Which countries are connected by the Rhine?,"[[('http://dbpedia.org/resource/Rhine', 0.01572464406490326), ('http://dbpedia.org/resource/Lower_Rhine', 0.01572342962026596), ('http://dbpedia.org/resource/Middle_Rhine', 0.015723276883363724), ('http://dbpedia.org/resource/Upper_Rhine', 0.01572311297059059), ('http://dbpedia.org/resource/Rhine_Railway_(Baden)', 0.01572292484343052)]]",[]
77,Which countries in the European Union adopted the Euro?,"[[('http://dbpedia.org/resource/Euro', 0.016464652493596077), ('http://dbpedia.org/resource/Euro_coins', 0.016463037580251694), ('http://dbpedia.org/resource/Euro_Plus_Pact', 0.016462886705994606), ('http://dbpedia.org/resource/Euro_sign', 0.016462793573737144), ('http://dbpedia.org/resource/1_euro_coin', 0.016462771221995354)]]",[]
78,Which country was Bill Gates born in?,"[[('http://dbpedia.org/resource/Bill_Gates', 0.008452791720628738), ('http://dbpedia.org/resource/Bill_Gates_(frontiersman)', 0.008451908826828003), ('http://dbpedia.org/resource/Melinda_Gates', 0.008451547473669052), ('http://dbpedia.org/resource/Bill_&_Melinda_Gates_Foundation', 0.008451193571090698), (""http://dbpedia.org/resource/Bill_Gates'_house"", 0.008451159112155437)]]",[]
79,Which instruments does Cat Stevens play?,"[[('http://dbpedia.org/resource/Cat_Stevens', 0.008340203203260899), ('http://dbpedia.org/resource/Greer_Stevens', 0.008339796215295792), ('http://dbpedia.org/resource/Eileen_Stevens', 0.00833956804126501), ('http://dbpedia.org/resource/Numbers_(Cat_Stevens_album)', 0.008339500054717064), ('http://dbpedia.org/resource/The_Very_Best_of_Cat_Stevens', 0.008339385502040386)]]",[]
80,Which languages are spoken in Estonia?,"[[('http://dbpedia.org/resource/Estonia', 0.032401829957962036), ('http://dbpedia.org/resource/Estonian_language', 0.03239789232611656), ('http://dbpedia.org/resource/Estonians', 0.032397083938121796), ('http://dbpedia.org/resource/History_of_Estonia', 0.03239675238728523), ('http://dbpedia.org/resource/Governorate_of_Estonia', 0.03239590674638748)]]",[]
81,Which movies did Kurosawa direct?,"[[('http://dbpedia.org/resource/Akira_Kurosawa', 0.007335932459682226), ('http://dbpedia.org/resource/Kiyoshi_Kurosawa', 0.007335206959396601), ('http://dbpedia.org/resource/Tomoyo_Kurosawa', 0.007335121743381023), ('http://dbpedia.org/resource/Kurosawa_Film_Studio', 0.007335097528994083), ('http://dbpedia.org/resource/Motoharu_Kurosawa', 0.007334998808801174)]]",[]
82,Which museum exhibits The Scream by Munch?,"[[('http://dbpedia.org/resource/The_Scream', 0.007702116388827562), ('http://dbpedia.org/resource/Wilhelm_scream', 0.007701465860009193), ('http://dbpedia.org/resource/Scream_(1996_film)', 0.007701449561864138), ('http://dbpedia.org/resource/The_Scream_(album)', 0.0077014463022351265), ('http://dbpedia.org/resource/The_Primal_Scream', 0.007701405789703131)]]",[]
83,Which poet wrote the most books?,"[[('http://dbpedia.org/resource/Poet', 0.011690235696732998), ('http://dbpedia.org/resource/Poet_laureate', 0.01168917492032051), ('http://dbpedia.org/resource/National_poet', 0.011688973754644394), ('http://dbpedia.org/resource/Poet_Laureate_of_the_United_Kingdom', 0.011688696220517159), ('http://dbpedia.org/resource/United_States_Poet_Laureate', 0.011688672937452793)]]",[]
84,Which professional surfers were born in Australia?,"[[('http://dbpedia.org/resource/Australia', 0.04015239328145981), ('http://dbpedia.org/resource/South_Australia', 0.040146857500076294), ('http://dbpedia.org/resource/Victoria_(Australia)', 0.04014682397246361), ('http://dbpedia.org/resource/Liberal_Party_of_Australia_(Western_Australian_Division)', 0.023787397891283035), ('http://dbpedia.org/resource/South_Australia_Australian_rules_football_team', 0.023785581812262535)]]",[]
85,Which professional surfers were born on the Philippines?,"[[('http://dbpedia.org/resource/Philippines', 0.025251105427742004), ('http://dbpedia.org/resource/Commonwealth_of_the_Philippines', 0.025248058140277863), ('http://dbpedia.org/resource/University_of_the_Philippines', 0.02524804323911667), ('http://dbpedia.org/resource/President_of_the_Philippines', 0.0252478439360857), ('http://dbpedia.org/resource/Catholic_Church_in_the_Philippines', 0.02524779736995697)], [('http://dbpedia.org/resource/List_of_surfers', 0.013536369428038597), ('http://dbpedia.org/resource/Christian_Surfers', 0.013536063022911549), ('http://dbpedia.org/resource/Satanic_Surfers', 0.013535672798752785), ('http://dbpedia.org/resource/G-Surfers', 0.013535660691559315), ('http://dbpedia.org/resource/Living_in_the_Heart_of_the_Beast_(Kalahari_Surfers)', 0.008023545145988464)]]",[]
86,Which rivers flow into the North Sea?,"[[('http://dbpedia.org/resource/North_Sea', 0.0113146947696805), ('http://dbpedia.org/resource/North_Sea_Empire', 0.011313410475850105), ('http://dbpedia.org/resource/Coastline_of_the_North_Sea', 0.011313346214592457), ('http://dbpedia.org/resource/Geography_of_the_North_Sea', 0.011313190683722496), ('http://dbpedia.org/resource/History_of_the_North_Sea', 0.011313100345432758)]]",[]
87,Which software has been published by Mean Hamster Software?,"[[('http://dbpedia.org/resource/Mean_Hamster_Software', 0.4580640196800232), ('http://dbpedia.org/resource/John_Swiderski', 0.27065110206604004)]]",[]
88,Which subsidiary of TUI Travel serves both Glasgow and Dublin?,"[[('http://dbpedia.org/resource/Dublin', 0.01433232706040144), ('http://dbpedia.org/resource/Dublin_Airport', 0.014331289567053318), ('http://dbpedia.org/resource/County_Dublin', 0.014331149868667126), ('http://dbpedia.org/resource/Dublin_Bus', 0.014330999925732613), ('http://dbpedia.org/resource/Dublin,_Virginia', 0.014330985955893993)], [('http://dbpedia.org/resource/Glasgow', 0.020687449723482132), ('http://dbpedia.org/resource/Glasgow_Airport', 0.02068590559065342), ('http://dbpedia.org/resource/Port_Glasgow', 0.020685618743300438), ('http://dbpedia.org/resource/Glasgow_Prestwick_Airport', 0.02068549208343029), ('http://dbpedia.org/resource/Glasgow,_Kentucky', 0.020685354247689247)], [('http://dbpedia.org/resource/TUI_Travel', 0.011271451599895954), ('http://dbpedia.org/resource/TUI_Group', 0.011271294206380844), ('http://dbpedia.org/resource/Tumi_Inc.', 0.011270471848547459), ('http://dbpedia.org/resource/First_Choice_(travel_firm)', 0.011270148679614067), ('http://dbpedia.org/resource/', 0.007054432295262814)]]",[]
89,Who are the parents of the wife of Juan Carlos I?,"[[('http://dbpedia.org/resource/Juan_Carlos_I_of_Spain', 0.008142313919961452), ('http://dbpedia.org/resource/Juan_Carlos_Wasmosy', 0.008141581900417805), ('http://dbpedia.org/resource/Juan_Carlos_I_Antarctic_Base', 0.008141472004354), ('http://dbpedia.org/resource/Ancestry_of_Juan_Carlos_I_of_Spain', 0.008141465485095978), ('http://dbpedia.org/resource/Charles_IV_of_Spain', 0.008141456171870232)]]",[]
90,Who created English Wikipedia?,"[[('http://dbpedia.org/resource/Wikipedia', 0.007955638691782951), ('http://dbpedia.org/resource/English_Wikipedia', 0.00795466173440218), ('http://dbpedia.org/resource/Slovene_Wikipedia', 0.007954535074532032), ('http://dbpedia.org/resource/Spanish_Wikipedia', 0.007954508997499943), ('http://dbpedia.org/resource/Dutch_Wikipedia', 0.00795450434088707)]]",[]
91,Who does the voice of Bart Simpson?,"[[('http://dbpedia.org/resource/Bart_Simpson', 0.007632225751876831), ('http://dbpedia.org/resource/The_Simpsons', 0.007631463464349508), ('http://dbpedia.org/resource/Lisa_Simpson', 0.007631379645317793), ('http://dbpedia.org/resource/Simpson_family', 0.007631347514688969), ('http://dbpedia.org/resource/Bart_Simpson_(filmmaker)', 0.007631221320480108)]]",[]
92,Who founded Intel?,"[[('http://dbpedia.org/resource/Intel', 0.00850321352481842), ('http://dbpedia.org/resource/Intel_Atom', 0.008502312004566193), ('http://dbpedia.org/resource/Intel_Capital', 0.008502133190631866), ('http://dbpedia.org/resource/Intel_GMA', 0.008502034470438957), ('http://dbpedia.org/resource/Intel_Core', 0.008501984179019928)]]",[]
93,Who is the author of WikiLeaks?,"[[('http://dbpedia.org/resource/WikiLeaks', 0.019178874790668488), ('http://dbpedia.org/resource/List_of_material_published_by_WikiLeaks', 0.01917620375752449), ('http://dbpedia.org/resource/The_Wikileaks_Party', 0.01917612925171852), ('http://dbpedia.org/resource/Democratic_National_Committee_v._Russia,_Guccifer,_Assange,_WikiLeaks,_Trump_et_al', 0.011367193423211575), ('http://dbpedia.org/resource/Bank_Julius_Baer_&_Co._Ltd._et_al_v._Wikileaks_et_al', 0.011366806924343109)]]",[]
94,Who is the daughter of Bill Clinton married to?,"[[('http://dbpedia.org/resource/Bill_Clinton', 0.008350471965968609), ('http://dbpedia.org/resource/Presidency_of_Bill_Clinton', 0.00834925938397646), ('http://dbpedia.org/resource/Post-presidency_of_Bill_Clinton', 0.008349072188138962), ('http://dbpedia.org/resource/Chelsea_Clinton', 0.008348854258656502), ('http://dbpedia.org/resource/Bill_Clinton_presidential_campaign,_1992', 0.008348851464688778)]]",[]
95,Who is the daughter of Robert Kennedy married to?,"[[('http://dbpedia.org/resource/Robert_F._Kennedy', 0.007769306190311909), ('http://dbpedia.org/resource/Robert_B._Kennedy', 0.007769087329506874), ('http://dbpedia.org/resource/Robert_D._Kennedy', 0.007769070100039244), ('http://dbpedia.org/resource/Robert_Kennedy_(Jesuit)', 0.007769004441797733), ('http://dbpedia.org/resource/Robert_Kennedy_(publisher)', 0.007768929470330477)]]",[]
96,Who is the governor of Texas?,"[[('http://dbpedia.org/resource/Texas', 0.01976904831826687), ('http://dbpedia.org/resource/Austin,_Texas', 0.019767574965953827), ('http://dbpedia.org/resource/University_of_Texas_at_Austin', 0.01976708509027958), ('http://dbpedia.org/resource/Tyler,_Texas', 0.019766686484217644), ('http://dbpedia.org/resource/Texas_City,_Texas', 0.019766679033637047)]]",[]
97,Who is the husband of Amanda Palmer?,"[[('http://dbpedia.org/resource/Amanda_Palmer', 0.02693171799182892), ('http://dbpedia.org/resource/You_Got_Me_Singing', 0.0162406787276268), ('http://dbpedia.org/resource/The_Art_of_Asking', 0.015964031219482422), ('http://dbpedia.org/resource/When_the_Day_Breaks', 0.015963753685355186), ('http://dbpedia.org/resource/Freemoore', 0.015963636338710785)]]",[]
98,Who is the mayor of Berlin?,"[[('http://dbpedia.org/resource/Berlin', 0.016024624928832054), ('http://dbpedia.org/resource/Berlin,_New_Hampshire', 0.016022926196455956), ('http://dbpedia.org/resource/Berlin,_Wisconsin', 0.016022654250264168), ('http://dbpedia.org/resource/East_Berlin', 0.01602262631058693), ('http://dbpedia.org/resource/Berlin_(band)', 0.016022546216845512)]]",[]
99,Who is the novelist of the work a song of ice and fire?,"[[('http://dbpedia.org/resource/A_Song_of_Ice_and_Fire', 0.0102902352809906), ('http://dbpedia.org/resource/A_Song_of_Ice_and_Fire_Roleplaying', 0.010289356112480164), ('http://dbpedia.org/resource/A_Dance_with_Dragons', 0.010289284400641918), ('http://dbpedia.org/resource/A_Storm_of_Swords', 0.010289174504578114), ('http://dbpedia.org/resource/Works_based_on_A_Song_of_Ice_and_Fire', 0.010289151221513748)]]",[]
100,Who is the youngest player in the Premier League?,"[[('http://dbpedia.org/resource/Premier_League', 0.009733498096466064), ('http://dbpedia.org/resource/Azerbaijan_Premier_League', 0.009732997044920921), ('http://dbpedia.org/resource/Iraqi_Premier_League', 0.009732983075082302), ('http://dbpedia.org/resource/Northern_Premier_League', 0.009732943028211594), ('http://dbpedia.org/resource/Canadian_Premier_League', 0.009732904843986034)]]",[]
101,Who owns Aldi?,"[[('http://dbpedia.org/resource/Aldi', 0.009233247488737106), ('http://dbpedia.org/resource/Aldi_Talk', 0.009232060052454472), ('http://dbpedia.org/resource/Albi', 0.009231995791196823), ('http://dbpedia.org/resource/ALDI_Einkauf_GmbH_&_Compagnie,_oHG', 0.005471713840961456), ('http://dbpedia.org/resource/Aldi_Einkauf_GmbH_&_Compagnie,_oHG', 0.005471713840961456)]]",[]
102,Who painted The Storm on the Sea of Galilee?,"[[('http://dbpedia.org/resource/The_Storm_on_the_Sea_of_Galilee', 0.2526693046092987), ('http://dbpedia.org/resource/Christ_in_the_Storm_on_the_Sea_of_Galilee', 0.1496460884809494), ('http://dbpedia.org/resource/Storm_on_the_Sea_of_Galilee', 0.14964565634727478), ('http://dbpedia.org/resource/Galilei_Donna', 0.1494876593351364), ('http://dbpedia.org/resource/The_Sons_of_Eilaboun', 0.14924509823322296)]]",[]
103,Who was Tom Hanks married to?,"[[('http://dbpedia.org/resource/Tom_Hanks', 0.008442580699920654), ('http://dbpedia.org/resource/Colin_Hanks', 0.00844151433557272), ('http://dbpedia.org/resource/Jim_Hanks', 0.008441392332315445), (""http://dbpedia.org/resource/Volcano,_I'm_Still_Excited!!"", 0.005041080992668867), ('http://dbpedia.org/resource/A_Hologram_for_the_King', 0.005005184095352888)]]",[]
104,Who was called Rodzilla?,"[[('http://dbpedia.org/resource/Rodzilla', 0.008626704104244709), ('http://dbpedia.org/resource/Himalayan_Queen_Express', 0.0051248339004814625), ('http://dbpedia.org/resource/Khan_Bahadur_Khan_Rohilla', 0.005114012397825718), ('http://dbpedia.org/resource/More_Machine_Than_Man', 0.005113983992487192), ('http://dbpedia.org/resource/Chhindwara_-_Delhi_Sarai_Rohilla_Express', 0.00511392205953598)]]",[]
105,Who was influenced by Socrates?,"[[('http://dbpedia.org/resource/Socrates', 0.0078047700226306915), ('http://dbpedia.org/resource/Socrates_of_Constantinople', 0.00780388293787837), ('http://dbpedia.org/resource/Socrates_the_Younger', 0.007803870365023613), ('http://dbpedia.org/resource/Socrates_(Voltaire)', 0.007803775370121002), ('http://dbpedia.org/resource/Socrates_of_Achaea', 0.007803676649928093)]]",[]
106,Who was on the Apollo 11 mission?,"[[('http://dbpedia.org/resource/Apollo_11', 0.007619393058121204), ('http://dbpedia.org/resource/Apollo_10', 0.007618781644850969), ('http://dbpedia.org/resource/Apollo_12', 0.007618651259690523), ('http://dbpedia.org/resource/Apollo_21', 0.0076185595244169235), ('http://dbpedia.org/resource/List_of_Apollo_missions', 0.007618383038789034)]]",[]
107,Who was the father of Queen Elizabeth II?,"[[('http://dbpedia.org/resource/Elizabeth_II', 0.008790241554379463), ('http://dbpedia.org/resource/Coronation_of_Queen_Elizabeth_II', 0.008788484148681164), ('http://dbpedia.org/resource/States_headed_by_Elizabeth_II', 0.008788405917584896), ('http://dbpedia.org/resource/Queen_Elizabeth_II_Reservoir', 0.008788217790424824), ('http://dbpedia.org/resource/List_of_viceregal_representatives_of_Elizabeth_II', 0.008788110688328743)]]",[]
108,Who was the wife of President Lincoln?,"[[('http://dbpedia.org/resource/Abraham_Lincoln', 0.007266074884682894), ('http://dbpedia.org/resource/Presidency_of_Abraham_Lincoln', 0.0072654546238482), ('http://dbpedia.org/resource/Theodore_Roosevelt', 0.007265240419656038), ('http://dbpedia.org/resource/Thomas_Lincoln', 0.007265239488333464), ('http://dbpedia.org/resource/Robert_Todd_Lincoln', 0.007265146821737289)]]",[]
109,Who were the parents of Queen Victoria?,"[[('http://dbpedia.org/resource/Queen_Victoria', 0.00871291197836399), ('http://dbpedia.org/resource/The_Queen_Victoria', 0.008711924776434898), ('http://dbpedia.org/resource/Coronation_of_Queen_Victoria', 0.00871176179498434), ('http://dbpedia.org/resource/MS_Queen_Victoria', 0.008711596950888634), ('http://dbpedia.org/resource/List_of_Prime_Ministers_of_Queen_Victoria', 0.008711530826985836)]]",[]
110,Who wrote Harry Potter?,"[[('http://dbpedia.org/resource/Harry_Potter', 0.007999539375305176), ('http://dbpedia.org/resource/Harry_and_the_Potters', 0.0079991165548563), ('http://dbpedia.org/resource/Harry_Potter_(character)', 0.007999102585017681), ('http://dbpedia.org/resource/Harry_Potter_(journalist)', 0.007999020628631115), ('http://dbpedia.org/resource/Harry_Potter_(film_series)', 0.007998768240213394)]]",[]
